group,keyword,title,title2,text,landing
Открытый бассейн,открытый бассейн хабаровск,Открытый бассейн в Хабаровске,50 метров и вода +28 °C,8 дорожек и баня после заплыва. Разовый визит от 500 ₽. Узнайте время.,otkrytyy-basseyn
Открытый бассейн,бассейн под открытым небом хабаровск,Бассейн под открытым небом,Работаем круглый год,Плавайте в тёплой воде круглый год. 50 метров 8 дорожек баня и парковка.,otkrytyy-basseyn
Разовое посещение,разовое посещение бассейна хабаровск,Разовое посещение бассейна,От 500 ₽ за визит,Попробуйте бассейн без клубной карты. Подскажем время для первого заплыва.,razovoe-poseshchenie
Разовое посещение,бассейн хабаровск разовое посещение цена,Бассейн в Хабаровске от 500 ₽,Один визит без абонемента,50-метровые дорожки вода около +28 °C баня и парковка. Оставьте заявку.,razovoe-poseshchenie
Абонементы,абонемент в бассейн хабаровск,Безлимит в бассейн на 3 месяца,От 7 167 ₽ в месяц,50 метров и открытая вода круглый год. 21 500 ₽ за 90 дней. Узнайте условия.,abonementy
Абонементы,купить абонемент в бассейн хабаровск,Абонемент в бассейн Хабаровска,20 дней заморозки,Плавайте без подсчёта визитов. Баня пляж и парковка. Тариф на 90 дней.,abonementy
Аквааэробика,аквааэробика хабаровск,Аквааэробика в Хабаровске,Группы для начинающих,Мягкая нагрузка в воде с тренером. Узнайте расписание и свободные места.,akvaaerobika
Аквааэробика,аквааэробика бассейн хабаровск,Аквааэробика в открытом бассейне,Вода около +28 °C,Тренировки на всё тело в комфортном темпе. Подберём подходящую группу.,akvaaerobika
Детское плавание,бассейн для детей хабаровск,Плавание для детей в Хабаровске,Группы от 9 до 16 лет,Подберём группу по возрасту и уровню. Техника дыхание и безопасность с тренером.,plavanie-dlya-detey
Детское плавание,секция плавания для детей хабаровск,Секция плавания для детей,Группы по возрасту,Тренер помогает освоить технику и уверенно чувствовать себя в большой воде.,plavanie-dlya-detey
Обучение взрослых,обучение плаванию взрослых хабаровск,Обучение плаванию взрослых,Начните с нуля,Тренер поможет поставить дыхание и технику. Подберём группу по уровню и задаче.,obuchenie-plavaniyu-vzroslyh
Обучение взрослых,научиться плавать взрослому хабаровск,Научитесь плавать в Хабаровске,Тренер и 50-метровый бассейн,Спокойный старт и обратная связь по технике. Узнайте расписание ближайшей группы.,obuchenie-plavaniyu-vzroslyh
